Date,Time,GPSLongitude,GPSLatitude,SourceFile,DateTimeOriginal
1/14/2023,10:56:50 PM,176.2823333,-37.69412222,./rm/IMG_6341.JPG,2023:01:14 22:56:50
1/20/2023,12:53:06 PM,175.4553972,-39.42890278,./rm/IMG_6426.JPG,2023:01:20 12:53:06
1/24/2023,10:39:14 PM,175.6588444,-40.53851111,./rm/IMG_6522.JPG,2023:01:24 22:39:14
3/1/2023,9:25:02 PM,-82.34115556,29.62601944,./rm/IMG_7128.JPG,2023:03:01 21:25:02
4/20/2023,4:40:06 PM,-82.34117222,29.62600278,./rm/IMG_7991.JPG,2023:04:20 16:40:06
5/1/2023,1:56:55 PM,-82.34118611,29.62607778,./rm/IMG_8254.JPG,2023:05:01 13:56:55
5/1/2023,9:26:16 PM,-82.34117222,29.62600278,./rm/IMG_8265.JPG,2023:05:01 21:26:16
5/2/2023,12:32:27 PM,-82.34129444,29.62595556,./rm/IMG_8280.JPG,2023:05:02 12:32:27
5/2/2023,4:27:29 PM,-82.34117222,29.62600278,./rm/IMG_8287.JPG,2023:05:02 16:27:29
5/7/2023,10:42:34 PM,-82.34117222,29.62600556,./rm/IMG_8405.JPG,2023:05:07 22:42:34
5/8/2023,12:24:33 AM,-82.34117222,29.62600556,./rm/IMG_8415.JPG,2023:05:08 00:24:33
5/12/2023,4:02:51 AM,-82.34123889,29.62594722,./rm/IMG_8557.JPG,2023:05:12 04:02:51
5/12/2023,4:03:47 AM,-82.34117222,29.62600556,./rm/IMG_8561.JPG,2023:05:12 04:03:47
5/12/2023,2:49:02 PM,-82.34117222,29.62600556,./rm/IMG_8576.JPG,2023:05:12 14:49:02
5/12/2023,9:48:48 PM,-82.34117222,29.62600556,./rm/IMG_8579.JPG,2023:05:12 21:48:48
5/17/2023,1:09:45 AM,-82.34117222,29.62600278,./rm/IMG_8618.JPG,2023:05:17 01:09:45
5/26/2023,4:49:24 PM,-82.34117222,29.62600278,./rm/IMG_8746.JPG,2023:05:26 16:49:24
5/28/2023,10:17:00 PM,-82.34061389,29.62588611,./rm/IMG_8786.JPG,2023:05:28 22:17:00
5/30/2023,7:16:57 AM,-82.34099444,29.62601111,./rm/IMG_8812.JPG,2023:05:30 07:16:57
6/5/2023,1:32:24 AM,-82.34117778,29.62601389,./rm/IMG_8899.JPG,2023:06:05 01:32:24
6/5/2023,3:09:41 AM,-82.34117778,29.62601389,./rm/IMG_8906.JPG,2023:06:05 03:09:41
6/17/2023,9:08:56 PM,-82.34117222,29.62601944,./rm/IMG_9225.JPG,2023:06:17 21:08:56
6/25/2023,12:23:56 AM,-82.34118611,29.62582778,./rm/IMG_9397.JPG,2023:06:25 00:23:56
7/3/2023,10:53:28 AM,-82.34117222,29.62601389,./rm/IMG_9583.JPG,2023:07:03 10:53:28
7/9/2023,1:37:54 AM,-82.34116389,29.62601389,./rm/IMG_9652.JPG,2023:07:09 01:37:54
7/11/2023,3:04:07 PM,-82.34116389,29.62601389,./rm/IMG_9700.JPG,2023:07:11 15:04:07
7/17/2023,8:32:13 AM,-82.34116389,29.62601111,./rm/IMG_9841.JPG,2023:07:17 08:32:13
7/17/2023,9:25:54 AM,-82.34115556,29.62603056,./rm/IMG_9845.JPG,2023:07:17 09:25:54
7/17/2023,11:46:43 AM,-82.34115556,29.62600556,./rm/IMG_9852.JPG,2023:07:17 11:46:43
7/19/2023,2:25:08 PM,-82.34115556,29.62600556,./rm/IMG_9891.JPG,2023:07:19 14:25:08
7/19/2023,2:26:06 PM,-82.34110278,29.626025,./rm/IMG_9894.JPG,2023:07:19 14:26:06
7/20/2023,1:44:55 PM,-82.34115556,29.62600556,./rm/IMG_9918.JPG,2023:07:20 13:44:55
7/20/2023,1:44:58 PM,-82.34115556,29.62600556,./rm/IMG_9919.JPG,2023:07:20 13:44:58
7/23/2023,1:30:44 AM,-82.34115556,29.62600556,./rm/IMG_9983.JPG,2023:07:23 01:30:44
7/28/2023,8:52:17 AM,-82.34115556,29.62600556,./rm/IMG_0087.JPG,2023:07:28 08:52:17
7/31/2023,1:01:49 PM,-82.34115556,29.62600556,./rm/IMG_0153.JPG,2023:07:31 13:01:49
8/5/2023,6:28:53 PM,-82.41854722,29.65481389,./rm/IMG_0267.JPG,2023:08:05 18:28:53
8/5/2023,7:19:20 PM,-82.41859444,29.65574444,./rm/IMG_0270.JPG,2023:08:05 19:19:20
8/6/2023,4:23:11 PM,-82.38614722,29.62718889,./rm/IMG_0287.JPG,2023:08:06 16:23:11
8/6/2023,9:31:57 PM,-82.34115556,29.62600556,./rm/IMG_0292.JPG,2023:08:06 21:31:57
8/23/2023,2:06:14 AM,-82.34131667,29.62594722,./rm/IMG_0605.JPG,2023:08:23 02:06:14
8/25/2023,12:16:48 PM,-82.34131667,29.62594722,./rm/IMG_0648.JPG,2023:08:25 12:16:48
8/26/2023,3:12:27 AM,-82.34118611,29.62599444,./rm/IMG_0660.JPG,2023:08:26 03:12:27
8/29/2023,2:26:46 PM,-82.34121111,29.62598889,./rm/IMG_0716.JPG,2023:08:29 14:26:46
8/29/2023,4:05:29 PM,-82.34134722,29.62595556,./rm/IMG_0728.JPG,2023:08:29 16:05:29
9/12/2023,9:16:37 PM,-82.34125556,29.62598611,./rm/IMG_0870.JPG,2023:09:12 21:16:37
9/30/2023,7:23:16 PM,-82.32418889,29.64605556,./rm/IMG_7391.JPG,2023:09:30 19:23:16
9/30/2023,8:47:36 PM,-82.32408889,29.64617222,./rm/IMG_7398.JPG,2023:09:30 20:47:36
9/30/2023,8:48:04 PM,-82.32408889,29.64616944,./rm/IMG_7399.JPG,2023:09:30 20:48:04
9/30/2023,10:20:39 PM,-82.32399722,29.64593889,./rm/IMG_1233.JPG,2023:09:30 22:20:39
10/12/2023,5:28:31 PM,-82.34140833,29.62595,./rm/IMG_1537.JPG,2023:10:12 17:28:31
10/12/2023,5:41:18 PM,-82.34140833,29.62595,./rm/IMG_1565.JPG,2023:10:12 17:41:18
10/12/2023,10:50:37 PM,-82.34140833,29.62595,./rm/IMG_1609.JPG,2023:10:12 22:50:37
10/12/2023,10:53:13 PM,-82.34139444,29.62632222,./rm/IMG_1625.JPG,2023:10:12 22:53:13
10/17/2023,4:48:14 PM,-82.34147778,29.62594444,./rm/IMG_1708.JPG,2023:10:17 16:48:14
10/17/2023,4:48:26 PM,-82.34147778,29.62594444,./rm/IMG_1710.JPG,2023:10:17 16:48:26
10/20/2023,12:11:02 AM,-82.34129444,29.62597222,./rm/IMG_1753.JPG,2023:10:20 00:11:02
10/20/2023,12:11:04 AM,-82.34128611,29.62596389,./rm/IMG_1754.JPG,2023:10:20 00:11:04
10/20/2023,12:11:13 AM,-82.34129444,29.62596389,./rm/IMG_1755.JPG,2023:10:20 00:11:13
10/24/2023,12:04:46 PM,-82.34140833,29.62593889,./rm/IMG_1844.JPG,2023:10:24 12:04:46
10/25/2023,4:24:37 AM,-82.3414,29.62594444,./rm/IMG_1858.JPG,2023:10:25 04:24:37
10/25/2023,4:49:14 AM,-82.3414,29.62594444,./rm/IMG_1862.JPG,2023:10:25 04:49:14
10/25/2023,7:41:20 AM,-82.3414,29.62594167,./rm/IMG_1874.JPG,2023:10:25 07:41:20
10/27/2023,8:57:39 AM,-82.38813056,29.62719167,./rm/IMG_1914.JPG,2023:10:27 08:57:39
10/27/2023,8:57:43 AM,-82.38813056,29.62717222,./rm/IMG_1915.JPG,2023:10:27 08:57:43
10/28/2023,6:13:59 AM,-82.34139444,29.62596111,./rm/IMG_1928.JPG,2023:10:28 06:13:59
10/29/2023,9:33:11 AM,-82.34140833,29.62596389,./rm/IMG_1937.JPG,2023:10:29 09:33:11
10/29/2023,8:52:39 PM,-82.33503611,29.57416111,./rm/IMG_1943.JPG,2023:10:29 20:52:39
10/30/2023,4:29:01 PM,-81.97616389,28.95129722,./rm/IMG_1949.JPG,2023:10:30 16:29:01
10/30/2023,4:29:02 PM,-81.97608056,28.95128889,./rm/IMG_1950.JPG,2023:10:30 16:29:02
10/30/2023,5:33:21 PM,-81.974175,28.90857778,./rm/IMG_1951.JPG,2023:10:30 17:33:21
10/31/2023,8:21:42 AM,-81.98154444,28.9501,./rm/IMG_1953.JPG,2023:10:31 08:21:42
10/31/2023,8:07:39 PM,-81.98153611,28.95011667,./rm/IMG_1957.JPG,2023:10:31 20:07:39
10/31/2023,10:12:04 PM,-81.98176389,28.95010278,./rm/IMG_1958.JPG,2023:10:31 22:12:04
11/1/2023,8:18:00 AM,-81.98154444,28.95007222,./rm/IMG_1960.JPG,2023:11:01 08:18:00
11/1/2023,4:09:18 PM,-81.98155278,28.95003889,./rm/IMG_1962.JPG,2023:11:01 16:09:18
11/1/2023,4:09:28 PM,-81.98156111,28.950025,./rm/IMG_1963.JPG,2023:11:01 16:09:28
11/1/2023,6:02:37 PM,-81.78469167,28.8257,./rm/IMG_1966.JPG,2023:11:01 18:02:37
11/1/2023,8:16:16 PM,-81.78405,28.82582778,./rm/IMG_1969.JPG,2023:11:01 20:16:16
11/1/2023,8:16:28 PM,-81.78411111,28.82579722,./rm/IMG_1970.JPG,2023:11:01 20:16:28
11/2/2023,11:06:51 AM,-81.98153056,28.95006389,./rm/IMG_1971.JPG,2023:11:02 11:06:51
11/2/2023,2:46:42 PM,-81.98158889,28.95006944,./rm/IMG_1973.JPG,2023:11:02 14:46:42
11/2/2023,2:46:54 PM,-81.98156111,28.95011111,./rm/IMG_1974.JPG,2023:11:02 14:46:54
11/2/2023,7:17:15 PM,-82.13632222,29.18647222,./rm/IMG_1976.JPG,2023:11:02 19:17:15
11/2/2023,7:33:05 PM,-82.1363,29.18635,./rm/IMG_1978.JPG,2023:11:02 19:33:05
11/2/2023,7:37:28 PM,-82.13624444,29.18634167,./rm/IMG_1979.JPG,2023:11:02 19:37:28
11/2/2023,8:39:28 PM,-82.34848889,29.57238611,./rm/IMG_1981.JPG,2023:11:02 20:39:28
11/2/2023,8:39:32 PM,-82.36623333,29.59447778,./rm/IMG_1982.JPG,2023:11:02 20:39:32
11/2/2023,9:47:16 PM,-82.34144722,29.62593611,./rm/IMG_1983.JPG,2023:11:02 21:47:16
11/3/2023,11:21:23 AM,-82.34144722,29.62595278,./rm/IMG_1993.JPG,2023:11:03 11:21:23
11/3/2023,11:54:14 PM,-82.34144722,29.62595556,./rm/IMG_2006.JPG,2023:11:03 23:54:14
11/8/2023,7:18:52 PM,-81.93225278,28.91488611,./rm/IMG_2054.JPG,2023:11:08 19:18:52
11/8/2023,7:31:36 PM,-81.94979722,28.92421111,./rm/IMG_2055.JPG,2023:11:08 19:31:36
11/9/2023,9:41:12 PM,-81.98145278,28.94993056,./rm/IMG_2058.JPG,2023:11:09 21:41:12
11/10/2023,3:19:19 PM,-81.35026389,28.44925278,./rm/IMG_2059.JPG,2023:11:10 15:19:19
11/10/2023,5:17:13 PM,-81.31561389,28.43325833,./rm/IMG_2060.JPG,2023:11:10 17:17:13
11/10/2023,10:39:58 PM,-115.1543806,36.08529722,./rm/IMG_2061.JPG,2023:11:10 22:39:58
11/11/2023,2:04:11 AM,-115.1465,36.11910556,./rm/IMG_2063.JPG,2023:11:11 02:04:11
11/11/2023,2:05:18 AM,-115.1465222,36.1191,./rm/IMG_2064.JPG,2023:11:11 02:05:18
11/11/2023,1:52:13 PM,-115.1465139,36.11911111,./rm/IMG_2068.JPG,2023:11:11 13:52:13
11/11/2023,2:36:45 PM,-115.1416389,36.16808056,./rm/IMG_2070.JPG,2023:11:11 14:36:45
11/11/2023,3:07:48 PM,-115.1409528,36.16937222,./rm/IMG_2072.JPG,2023:11:11 15:07:48
11/11/2023,3:10:27 PM,-115.141075,36.16944167,./rm/IMG_2074.JPG,2023:11:11 15:10:27
11/11/2023,3:30:04 PM,-115.1410056,36.16941389,./rm/IMG_2075.JPG,2023:11:11 15:30:04
11/11/2023,3:30:23 PM,-115.1410444,36.16941111,./rm/IMG_2076.JPG,2023:11:11 15:30:23
11/11/2023,4:44:07 PM,-115.1434028,36.17047222,./rm/IMG_2078.JPG,2023:11:11 16:44:07
11/11/2023,4:54:51 PM,-115.14595,36.17180278,./rm/IMG_2080.JPG,2023:11:11 16:54:51
11/11/2023,4:59:52 PM,-115.1446917,36.170975,./rm/IMG_2082.JPG,2023:11:11 16:59:52
11/11/2023,5:41:46 PM,-115.1453083,36.16193889,./rm/IMG_2084.JPG,2023:11:11 17:41:46
11/11/2023,5:41:50 PM,-115.1453389,36.1619,./rm/IMG_2085.JPG,2023:11:11 17:41:50
11/11/2023,5:43:07 PM,-115.1454389,36.16172778,./rm/IMG_2086.JPG,2023:11:11 17:43:07
11/11/2023,5:44:48 PM,-115.1453389,36.16160833,./rm/IMG_2087.JPG,2023:11:11 17:44:48
11/11/2023,5:45:18 PM,-115.1453556,36.16159167,./rm/IMG_2088.JPG,2023:11:11 17:45:18
11/12/2023,11:36:24 AM,-114.827675,35.99210556,./rm/IMG_2095.JPG,2023:11:12 11:36:24
11/12/2023,1:06:49 PM,-114.7591694,36.01635833,./rm/IMG_2100.JPG,2023:11:12 13:06:49
11/13/2023,1:12:04 PM,-115.4308028,36.14623611,./rm/IMG_2116.JPG,2023:11:13 13:12:04
11/13/2023,1:30:52 PM,-115.4296028,36.14678333,./rm/IMG_2117.JPG,2023:11:13 13:30:52
11/13/2023,1:31:20 PM,-115.4296278,36.14677778,./rm/IMG_2118.JPG,2023:11:13 13:31:20
11/13/2023,1:53:46 PM,-115.4343028,36.152425,./rm/IMG_2120.JPG,2023:11:13 13:53:46
11/13/2023,2:13:44 PM,-115.4328472,36.15261389,./rm/IMG_2122.JPG,2023:11:13 14:13:44
11/13/2023,2:13:57 PM,-115.4328472,36.15255278,./rm/IMG_2123.JPG,2023:11:13 14:13:57
11/13/2023,3:27:13 PM,-115.4328611,36.15234444,./rm/IMG_2125.JPG,2023:11:13 15:27:13
11/13/2023,3:29:17 PM,-115.4333417,36.15259167,./rm/IMG_2126.JPG,2023:11:13 15:29:17
11/13/2023,3:29:23 PM,-115.4333028,36.15257222,./rm/IMG_2127.JPG,2023:11:13 15:29:23
11/13/2023,6:38:13 PM,-115.1874306,36.10050278,./rm/IMG_2129.JPG,2023:11:13 18:38:13
11/18/2023,4:56:09 PM,-82.34130833,29.62598889,./rm/IMG_2185.JPG,2023:11:18 16:56:09
11/20/2023,5:31:00 PM,-82.33960556,29.62417778,./rm/IMG_2240.JPG,2023:11:20 17:31:00
11/20/2023,5:31:01 PM,-82.33957778,29.62416111,./rm/IMG_2241 (2).JPG,2023:11:20 17:31:01
12/6/2023,1:15:19 AM,-82.34143889,29.62594167,./rm/IMG_2457.JPG,2023:12:06 01:15:19
12/8/2023,4:45:43 PM,-81.31179722,29.89225278,./rm/IMG_2492.JPG,2023:12:08 16:45:43
12/8/2023,5:15:18 PM,-81.31408611,29.89034444,./rm/IMG_2494.JPG,2023:12:08 17:15:18
12/9/2023,10:36:08 AM,-80.61303056,28.40209444,./rm/IMG_2502.JPG,2023:12:09 10:36:08
12/9/2023,11:30:15 AM,-80.62767778,28.41603889,./rm/IMG_2504.JPG,2023:12:09 11:30:15
12/9/2023,11:30:19 AM,-80.62770833,28.41605278,./rm/IMG_2505.JPG,2023:12:09 11:30:19
12/9/2023,12:13:57 PM,-80.62857778,28.41586389,./rm/IMG_2506.JPG,2023:12:09 12:13:57
12/9/2023,9:51:01 PM,-80.22243611,28.06685556,./rm/IMG_2510.JPG,2023:12:09 21:51:01
12/10/2023,10:11:05 PM,-76.77198889,25.55128611,./rm/IMG_2512.JPG,2023:12:10 22:11:05
12/10/2023,10:11:10 PM,-76.77198889,25.55128611,./rm/IMG_2513.JPG,2023:12:10 22:11:10
12/13/2023,6:52:25 PM,-78.58440278,26.32549444,./rm/IMG_2568.JPG,2023:12:13 18:52:25
12/13/2023,7:24:31 PM,-78.74486389,26.40325556,./rm/IMG_2569.JPG,2023:12:13 19:24:31
12/14/2023,1:24:08 AM,-78.79765278,26.46196667,./rm/IMG_2589.JPG,2023:12:14 01:24:08
12/14/2023,1:36:26 AM,-79.99032778,27.77524167,./rm/IMG_2591.JPG,2023:12:14 01:36:26
12/14/2023,7:44:55 AM,-80.63024722,28.41456944,./rm/IMG_2594.JPG,2023:12:14 07:44:55
12/14/2023,8:26:19 AM,-80.63131111,28.41436111,./rm/IMG_2595.JPG,2023:12:14 08:26:19
12/16/2023,1:13:33 PM,-82.34143056,29.62594444,./rm/IMG_2623.JPG,2023:12:16 13:13:33
12/16/2023,1:13:37 PM,-82.34143056,29.62594444,./rm/IMG_2624.JPG,2023:12:16 13:13:37
12/16/2023,2:53:25 PM,-82.34143056,29.62594444,./rm/IMG_2625.JPG,2023:12:16 14:53:25
12/17/2023,11:26:32 PM,-82.34143056,29.62594444,./rm/IMG_2633.JPG,2023:12:17 23:26:32
12/19/2023,6:23:24 PM,-82.34143889,29.62594444,./rm/IMG_2644.JPG,2023:12:19 18:23:24
12/19/2023,6:28:28 PM,-82.34143889,29.62594444,./rm/IMG_2645.JPG,2023:12:19 18:28:28
12/19/2023,6:29:01 PM,-82.34143889,29.62594444,./rm/IMG_2646.JPG,2023:12:19 18:29:01
12/19/2023,6:29:05 PM,-82.34143889,29.62594444,./rm/IMG_2647.JPG,2023:12:19 18:29:05
12/19/2023,6:30:28 PM,-82.34143889,29.62594444,./rm/IMG_2648.JPG,2023:12:19 18:30:28
12/19/2023,6:31:00 PM,-82.34143889,29.62594444,./rm/IMG_2649.JPG,2023:12:19 18:31:00
12/19/2023,8:06:36 PM,-82.34143889,29.62594444,./rm/IMG_2650.JPG,2023:12:19 20:06:36
12/22/2023,3:49:28 PM,-82.33906389,29.63769722,./rm/IMG_2669.JPG,2023:12:22 15:49:28
12/23/2023,4:55:59 PM,-82.32899444,29.64819722,./rm/IMG_2676.JPG,2023:12:23 16:55:59
12/24/2023,9:04:56 PM,-82.34143056,29.62594722,./rm/IMG_2686.JPG,2023:12:24 21:04:56
12/24/2023,9:05:05 PM,-82.34143056,29.62594722,./rm/IMG_2687.JPG,2023:12:24 21:05:05
12/26/2023,10:26:00 AM,-82.34143056,29.62594722,./rm/IMG_2700.JPG,2023:12:26 10:26:00
12/30/2023,2:11:18 PM,-82.38091944,29.61995833,./rm/IMG_2733.JPG,2023:12:30 14:11:18
12/30/2023,7:05:26 PM,-82.34142222,29.62593889,./rm/IMG_2741.JPG,2023:12:30 19:05:26
1/7/2024,2:09:46 PM,-82.34149167,29.62596111,./rm/IMG_2864.JPG,2024:01:07 14:09:46
1/8/2024,3:03:03 PM,-82.43342778,29.68155278,./rm/IMG_2877.JPG,2024:01:08 15:03:03
1/14/2024,1:50:12 PM,-80.31828333,26.15380278,./rm/IMG_2924.JPG,2024:01:14 13:50:12
1/17/2024,3:42:06 PM,-82.43332778,29.6815,./rm/IMG_2953.JPG,2024:01:17 15:42:06
1/21/2024,11:57:31 PM,-82.3414,29.62588889,./rm/IMG_3004.JPG,2024:01:21 23:57:31
1/25/2024,6:41:51 PM,-82.34136111,29.62596944,./rm/IMG_3040.JPG,2024:01:25 18:41:51
1/25/2024,6:42:15 PM,-82.34136111,29.62596944,./rm/IMG_3044.JPG,2024:01:25 18:42:15
1/25/2024,6:42:18 PM,-82.34136111,29.62596944,./rm/IMG_3045.JPG,2024:01:25 18:42:18
2/1/2024,1:55:10 AM,-82.34137778,29.62596667,./rm/IMG_3108.JPG,2024:02:01 01:55:10
2/4/2024,3:49:59 PM,-82.34140833,29.62595556,./rm/IMG_3163.JPG,2024:02:04 15:49:59
2/11/2024,3:34:31 PM,-82.34140833,29.62595556,./rm/IMG_3272.JPG,2024:02:11 15:34:31
2/14/2024,12:33:36 AM,-82.34140833,29.62595556,./rm/IMG_3299.JPG,2024:02:14 00:33:36
2/14/2024,12:34:59 AM,-82.34140833,29.62595556,./rm/IMG_3302.JPG,2024:02:14 00:34:59
2/14/2024,12:35:06 AM,-82.34140833,29.62595556,./rm/IMG_3303.JPG,2024:02:14 00:35:06
2/23/2024,4:04:39 PM,-82.42499444,29.66131111,./rm/IMG_3367.JPG,2024:02:23 16:04:39
3/5/2024,1:24:57 AM,-82.34137778,29.62594722,./rm/IMG_3430.JPG,2024:03:05 01:24:57
3/5/2024,11:20:55 AM,-82.34137778,29.62594722,./rm/IMG_3436.JPG,2024:03:05 11:20:55
3/5/2024,11:20:57 AM,-82.34137778,29.62594722,./rm/IMG_3437.JPG,2024:03:05 11:20:57
3/6/2024,8:44:51 PM,-82.34137778,29.62594722,./rm/IMG_3455.JPG,2024:03:06 20:44:51
3/7/2024,9:39:50 PM,-82.34137778,29.62594722,./rm/IMG_3467.JPG,2024:03:07 21:39:50
3/12/2024,8:34:55 AM,-82.34136944,29.62594722,./rm/IMG_3509.JPG,2024:03:12 08:34:55
3/12/2024,4:44:45 PM,-82.34136944,29.62594722,./rm/IMG_3519.JPG,2024:03:12 16:44:45
3/19/2024,10:29:31 AM,-82.34162778,29.62591111,./rm/IMG_3678.JPG,2024:03:19 10:29:31
3/22/2024,2:59:20 PM,-82.34134722,29.62595,./rm/IMG_3740.JPG,2024:03:22 14:59:20
3/22/2024,3:00:30 PM,-82.34134722,29.62595,./rm/IMG_3743.JPG,2024:03:22 15:00:30
3/26/2024,12:54:22 AM,-82.34134722,29.62595278,./rm/IMG_3771.JPG,2024:03:26 00:54:22
4/6/2024,3:35:32 AM,-82.34134722,29.62595278,./rm/IMG_3857.JPG,2024:04:06 03:35:32
4/7/2024,3:11:13 PM,-82.34134722,29.62595278,./rm/IMG_3892.JPG,2024:04:07 15:11:13
4/17/2024,3:16:49 PM,-82.34135556,29.62595,./rm/IMG_3995.JPG,2024:04:17 15:16:49
4/17/2024,3:22:53 PM,-82.34135556,29.62595,./rm/IMG_3996.JPG,2024:04:17 15:22:53
4/20/2024,9:10:18 AM,-82.34135556,29.62595,./rm/IMG_4038.JPG,2024:04:20 09:10:18
4/21/2024,11:20:39 AM,-82.34135556,29.62595,./rm/IMG_4055.JPG,2024:04:21 11:20:39
4/22/2024,11:54:40 PM,-82.34135556,29.62595278,./rm/IMG_4075.JPG,2024:04:22 23:54:40
4/24/2024,12:05:46 PM,-82.34135556,29.62595278,./rm/IMG_4088.JPG,2024:04:24 12:05:46
4/24/2024,5:57:44 PM,-82.34135556,29.62595278,./rm/IMG_4092.JPG,2024:04:24 17:57:44
4/24/2024,6:39:05 PM,-82.32340278,29.64903611,./rm/IMG_4098.JPG,2024:04:24 18:39:05
4/27/2024,3:02:46 AM,-82.34135556,29.62595556,./rm/IMG_4114.JPG,2024:04:27 03:02:46
4/27/2024,3:03:10 AM,-82.34135556,29.62595556,./rm/IMG_4117.JPG,2024:04:27 03:03:10
4/29/2024,9:15:08 PM,-82.34135556,29.62595278,./rm/IMG_4159.JPG,2024:04:29 21:15:08
4/30/2024,12:42:59 AM,-82.34135556,29.62595278,./rm/IMG_4161.JPG,2024:04:30 00:42:59
4/30/2024,12:43:03 AM,-82.34135556,29.62595278,./rm/IMG_4162.JPG,2024:04:30 00:43:03
4/30/2024,1:35:01 PM,-82.34135556,29.62595278,./rm/IMG_4166.JPG,2024:04:30 13:35:01
4/30/2024,1:35:05 PM,-82.34135556,29.62595278,./rm/IMG_4167.JPG,2024:04:30 13:35:05
4/30/2024,10:03:48 PM,-82.34135556,29.62595278,./rm/IMG_4169.JPG,2024:04:30 22:03:48
5/1/2024,5:41:02 PM,-82.43340278,29.68145833,./rm/IMG_4184.JPG,2024:05:01 17:41:02
5/2/2024,12:16:16 AM,-82.34135556,29.62595278,./rm/IMG_4195.JPG,2024:05:02 00:16:16
5/2/2024,12:16:26 AM,-82.34135556,29.62595278,./rm/IMG_4196.JPG,2024:05:02 00:16:26
5/2/2024,12:16:45 AM,-82.34135556,29.62595278,./rm/IMG_4197.JPG,2024:05:02 00:16:45
5/2/2024,1:19:31 PM,-82.34135556,29.62595278,./rm/IMG_4203.JPG,2024:05:02 13:19:31
5/3/2024,10:10:15 AM,-82.34136111,29.62595278,./rm/IMG_4207.JPG,2024:05:03 10:10:15
5/3/2024,10:10:20 AM,-82.34136111,29.62595278,./rm/IMG_4208.JPG,2024:05:03 10:10:20
5/3/2024,10:10:26 AM,-82.34136111,29.62595278,./rm/IMG_4209.JPG,2024:05:03 10:10:26
5/4/2024,2:02:40 AM,-82.34136111,29.62595278,./rm/IMG_4217.JPG,2024:05:04 02:02:40
5/5/2024,7:40:04 AM,-82.34136111,29.62595278,./rm/IMG_4251.JPG,2024:05:05 07:40:04
5/5/2024,7:40:08 AM,-82.34136111,29.62595278,./rm/IMG_4253.JPG,2024:05:05 07:40:08
5/9/2024,3:39:33 AM,-82.34136111,29.62595278,./rm/IMG_4301.JPG,2024:05:09 03:39:33
5/9/2024,3:39:55 AM,-82.34136111,29.62595278,./rm/IMG_4302.JPG,2024:05:09 03:39:55
5/14/2024,8:02:25 AM,-82.34135556,29.62595556,./rm/IMG_4400.JPG,2024:05:14 08:02:25
5/21/2024,3:51:17 AM,-82.34134722,29.62595556,./rm/IMG_4615.JPG,2024:05:21 03:51:17
5/21/2024,3:51:17 AM,-82.34134722,29.62595556,./rm/IMG_E4615.JPG,2024:05:21 03:51:17
5/21/2024,3:51:53 AM,-82.34134722,29.62595556,./rm/IMG_4616.JPG,2024:05:21 03:51:53
5/21/2024,3:51:53 AM,-82.34134722,29.62595556,./rm/IMG_E4616.JPG,2024:05:21 03:51:53
5/21/2024,5:14:28 AM,-82.34134722,29.62595556,./rm/IMG_4640.JPG,2024:05:21 05:14:28
5/22/2024,1:03:48 PM,-82.30089444,29.66378889,./rm/IMG_4703.JPG,2024:05:22 13:03:48
5/22/2024,1:03:53 PM,-82.30084167,29.66377778,./rm/IMG_4704.JPG,2024:05:22 13:03:53
5/22/2024,2:10:59 PM,-82.34134722,29.62595556,./rm/IMG_4708.JPG,2024:05:22 14:10:59
5/22/2024,3:12:46 PM,-82.34134722,29.62595556,./rm/IMG_4709.JPG,2024:05:22 15:12:46
5/22/2024,10:44:14 PM,-82.34134722,29.62595556,./rm/IMG_4712.JPG,2024:05:22 22:44:14
5/22/2024,10:44:20 PM,-82.34134722,29.62595556,./rm/IMG_4713.JPG,2024:05:22 22:44:20
5/22/2024,10:44:24 PM,-82.34134722,29.62595556,./rm/IMG_4714.JPG,2024:05:22 22:44:24
5/22/2024,10:44:27 PM,-82.34134722,29.62595556,./rm/IMG_4715.JPG,2024:05:22 22:44:27
5/22/2024,11:07:01 PM,-82.34134722,29.62595556,./rm/IMG_4718.JPG,2024:05:22 23:07:01
5/22/2024,11:31:20 PM,-82.34134722,29.62595556,./rm/IMG_4721.JPG,2024:05:22 23:31:20
5/22/2024,11:31:25 PM,-82.34134722,29.62595556,./rm/IMG_4722.JPG,2024:05:22 23:31:25
5/22/2024,11:31:32 PM,-82.34134722,29.62595556,./rm/IMG_4723.JPG,2024:05:22 23:31:32
5/23/2024,8:14:49 PM,-82.34134722,29.62595556,./rm/IMG_4743.JPG,2024:05:23 20:14:49
5/24/2024,12:27:50 AM,-82.34134722,29.62595556,./rm/IMG_4755.JPG,2024:05:24 00:27:50
5/24/2024,9:51:31 PM,-82.34134722,29.62595556,./rm/IMG_4784.JPG,2024:05:24 21:51:31
5/24/2024,9:51:33 PM,-82.34134722,29.62595556,./rm/IMG_4785.JPG,2024:05:24 21:51:33
5/24/2024,9:51:41 PM,-82.34134722,29.62595556,./rm/IMG_4786.JPG,2024:05:24 21:51:41
5/24/2024,9:51:58 PM,-82.34134722,29.62595556,./rm/IMG_4787.JPG,2024:05:24 21:51:58
5/24/2024,9:52:24 PM,-82.34134722,29.62595556,./rm/IMG_4788.JPG,2024:05:24 21:52:24
5/24/2024,9:52:30 PM,-82.34134722,29.62595556,./rm/IMG_4789.JPG,2024:05:24 21:52:30
5/25/2024,10:05:45 AM,-82.34134722,29.62595556,./rm/IMG_4795.JPG,2024:05:25 10:05:45
5/26/2024,5:01:26 AM,-82.34134722,29.62595556,./rm/IMG_4821.JPG,2024:05:26 05:01:26
5/27/2024,3:33:06 AM,-82.34134722,29.62595556,./rm/IMG_4836.JPG,2024:05:27 03:33:06
5/27/2024,3:33:17 AM,-82.34134722,29.62595556,./rm/IMG_4837.JPG,2024:05:27 03:33:17
5/27/2024,7:44:39 PM,-82.34134722,29.62595556,./rm/IMG_4848.JPG,2024:05:27 19:44:39
5/27/2024,11:27:22 PM,-82.34134722,29.62595556,./rm/IMG_4851.JPG,2024:05:27 23:27:22
5/27/2024,11:27:24 PM,-82.34134722,29.62595556,./rm/IMG_4852.JPG,2024:05:27 23:27:24
5/27/2024,11:27:26 PM,-82.34134722,29.62595556,./rm/IMG_4853.JPG,2024:05:27 23:27:26
5/27/2024,11:41:17 PM,-82.34134722,29.62595556,./rm/IMG_4854.JPG,2024:05:27 23:41:17
5/27/2024,11:47:38 PM,-82.34134722,29.62595556,./rm/IMG_4855.JPG,2024:05:27 23:47:38
5/27/2024,11:52:12 PM,-82.34134722,29.62595556,./rm/IMG_4858.JPG,2024:05:27 23:52:12
5/28/2024,12:37:47 AM,-82.34134722,29.62595556,./rm/IMG_4860.JPG,2024:05:28 00:37:47
5/28/2024,2:23:47 AM,-82.34134722,29.62595556,./rm/IMG_4862.JPG,2024:05:28 02:23:47
5/28/2024,2:23:55 AM,-82.34134722,29.62595556,./rm/IMG_4863.JPG,2024:05:28 02:23:55
5/28/2024,9:53:14 AM,-82.34134722,29.62595556,./rm/IMG_4868.JPG,2024:05:28 09:53:14
5/28/2024,9:53:20 AM,-82.34134722,29.62595556,./rm/IMG_4869.JPG,2024:05:28 09:53:20
5/28/2024,9:53:25 AM,-82.34134722,29.62595556,./rm/IMG_4870.JPG,2024:05:28 09:53:25
5/28/2024,4:29:32 PM,-82.34134722,29.62595556,./rm/IMG_4879.JPG,2024:05:28 16:29:32
5/28/2024,4:29:42 PM,-82.34134722,29.62595556,./rm/IMG_4880.JPG,2024:05:28 16:29:42
5/28/2024,4:29:55 PM,-82.34134722,29.62595556,./rm/IMG_4881.JPG,2024:05:28 16:29:55
5/28/2024,4:35:32 PM,-82.34134722,29.62595556,./rm/IMG_4882.JPG,2024:05:28 16:35:32
5/28/2024,5:08:41 PM,-82.32915556,29.64827222,./rm/IMG_4884.JPG,2024:05:28 17:08:41
5/28/2024,5:11:42 PM,-82.32916389,29.64827222,./rm/IMG_4885.JPG,2024:05:28 17:11:42
5/28/2024,5:12:43 PM,-82.32919444,29.64826944,./rm/IMG_4886.JPG,2024:05:28 17:12:43
5/28/2024,5:14:04 PM,-82.32914722,29.64799444,./rm/IMG_4887.JPG,2024:05:28 17:14:04
5/28/2024,9:34:29 PM,-82.34134722,29.62595556,./rm/IMG_4889.JPG,2024:05:28 21:34:29
5/28/2024,9:34:30 PM,-82.34134722,29.62595556,./rm/IMG_4890.JPG,2024:05:28 21:34:30
5/29/2024,5:37:11 PM,-82.34133889,29.62596111,./rm/IMG_4907.JPG,2024:05:29 17:37:11
5/29/2024,5:55:51 PM,-82.34133889,29.62596111,./rm/IMG_4908.JPG,2024:05:29 17:55:51
5/29/2024,5:55:53 PM,-82.34133889,29.62596111,./rm/IMG_4909.JPG,2024:05:29 17:55:53
5/29/2024,5:56:01 PM,-82.34133889,29.62596111,./rm/IMG_4910.JPG,2024:05:29 17:56:01
5/29/2024,5:56:05 PM,-82.34126944,29.62583056,./rm/IMG_4911.JPG,2024:05:29 17:56:05
5/29/2024,7:26:48 PM,-82.34133889,29.62596111,./rm/IMG_4913.JPG,2024:05:29 19:26:48
5/29/2024,9:10:52 PM,-82.34133889,29.62596111,./rm/IMG_4918.JPG,2024:05:29 21:10:52
5/29/2024,9:10:54 PM,-82.34133889,29.62596111,./rm/IMG_4919.JPG,2024:05:29 21:10:54
5/29/2024,9:11:14 PM,-82.34133889,29.62596111,./rm/IMG_4920.JPG,2024:05:29 21:11:14
5/29/2024,9:55:35 PM,-82.34133889,29.62596111,./rm/IMG_4926.JPG,2024:05:29 21:55:35
5/29/2024,9:58:14 PM,-82.34133889,29.62596111,./rm/IMG_4927.JPG,2024:05:29 21:58:14
5/29/2024,10:49:53 PM,-82.34133889,29.62596111,./rm/IMG_4928.JPG,2024:05:29 22:49:53
5/29/2024,10:50:01 PM,-82.34133889,29.62596111,./rm/IMG_4929.JPG,2024:05:29 22:50:01
5/30/2024,2:10:51 AM,-82.34133889,29.62596111,./rm/IMG_4930.JPG,2024:05:30 02:10:51
5/30/2024,2:10:58 AM,-82.34133889,29.62596111,./rm/IMG_4931.JPG,2024:05:30 02:10:58
5/30/2024,2:11:08 AM,-82.34133889,29.62596111,./rm/IMG_4932.JPG,2024:05:30 02:11:08
5/30/2024,3:15:27 AM,-82.34133889,29.62596111,./rm/IMG_4934.JPG,2024:05:30 03:15:27
5/30/2024,3:15:40 AM,-82.34133889,29.62596111,./rm/IMG_4935.JPG,2024:05:30 03:15:40
5/30/2024,3:15:57 AM,-82.34133889,29.62596111,./rm/IMG_4936.JPG,2024:05:30 03:15:57
5/30/2024,3:15:59 AM,-82.34133889,29.62596111,./rm/IMG_4937.JPG,2024:05:30 03:15:59
5/30/2024,3:16:02 AM,-82.34133889,29.62596111,./rm/IMG_4938.JPG,2024:05:30 03:16:02
6/3/2024,3:21:58 AM,-82.34133889,29.62596389,./rm/IMG_5044.JPG,2024:06:03 03:21:58
6/3/2024,3:22:08 AM,-82.34133889,29.62596389,./rm/IMG_5045.JPG,2024:06:03 03:22:08
6/3/2024,3:22:14 AM,-82.34133889,29.62596389,./rm/IMG_5046.JPG,2024:06:03 03:22:14
6/3/2024,6:49:05 PM,-82.38830556,29.62733611,./rm/IMG_5051.JPG,2024:06:03 18:49:05
6/3/2024,6:49:14 PM,-82.38826944,29.62736111,./rm/IMG_5052.JPG,2024:06:03 18:49:14
6/3/2024,9:53:52 PM,-82.34133889,29.62596389,./rm/IMG_5054.JPG,2024:06:03 21:53:52
6/3/2024,9:54:02 PM,-82.34133889,29.62596389,./rm/IMG_5055.JPG,2024:06:03 21:54:02
6/3/2024,9:54:09 PM,-82.34133889,29.62596389,./rm/IMG_5056.JPG,2024:06:03 21:54:09
6/3/2024,9:54:14 PM,-82.34133889,29.62596389,./rm/IMG_5057.JPG,2024:06:03 21:54:14
6/3/2024,9:54:20 PM,-82.34133889,29.62596389,./rm/IMG_5058.JPG,2024:06:03 21:54:20
6/3/2024,9:54:28 PM,-82.34127778,29.62593333,./rm/IMG_5059.JPG,2024:06:03 21:54:28
6/3/2024,9:54:36 PM,-82.34128611,29.62593056,./rm/IMG_5060.JPG,2024:06:03 21:54:36
6/3/2024,9:54:42 PM,-82.34128611,29.625925,./rm/IMG_5061.JPG,2024:06:03 21:54:42
6/3/2024,9:54:48 PM,-82.34128611,29.62590833,./rm/IMG_5062.JPG,2024:06:03 21:54:48
6/3/2024,9:54:56 PM,-82.34128611,29.62590833,./rm/IMG_5063.JPG,2024:06:03 21:54:56
6/3/2024,9:55:14 PM,-82.34132222,29.62594722,./rm/IMG_5064.JPG,2024:06:03 21:55:14
6/3/2024,9:55:21 PM,-82.34132222,29.62594722,./rm/IMG_5065.JPG,2024:06:03 21:55:21
6/3/2024,9:55:35 PM,-82.34133889,29.62596389,./rm/IMG_5066.JPG,2024:06:03 21:55:35
6/6/2024,3:40:10 AM,-82.34130833,29.62598611,./rm/IMG_5107.JPG,2024:06:06 03:40:10
6/7/2024,12:19:15 AM,-82.34018056,29.62536389,./rm/IMG_5119.JPG,2024:06:07 00:19:15
6/7/2024,12:19:17 AM,-82.34018056,29.62536389,./rm/IMG_5120.JPG,2024:06:07 00:19:17
6/7/2024,8:21:29 PM,-82.34133889,29.62596944,./rm/IMG_5127.JPG,2024:06:07 20:21:29
6/7/2024,8:21:41 PM,-82.34133889,29.62596944,./rm/IMG_5129.JPG,2024:06:07 20:21:41
6/7/2024,9:34:12 PM,-82.39496667,29.62388611,./rm/IMG_5130.JPG,2024:06:07 21:34:12
6/7/2024,9:34:19 PM,-82.39498889,29.62386944,./rm/IMG_5131.JPG,2024:06:07 21:34:19
6/7/2024,9:34:27 PM,-82.39500556,29.62386389,./rm/IMG_5132.JPG,2024:06:07 21:34:27
6/7/2024,9:34:36 PM,-82.39498056,29.62388889,./rm/IMG_5133.JPG,2024:06:07 21:34:36
6/10/2024,6:38:56 PM,-80.913925,35.18131667,./rm/IMG_5160.JPG,2024:06:10 18:38:56
6/11/2024,4:32:43 AM,-80.913575,35.18126944,./rm/IMG_5166.JPG,2024:06:11 04:32:43
6/11/2024,6:29:44 AM,-80.91381944,35.18123611,./rm/IMG_5167.JPG,2024:06:11 06:29:44
6/11/2024,8:36:37 AM,-80.92442222,35.20289722,./rm/IMG_5168.JPG,2024:06:11 08:36:37
6/11/2024,8:36:42 AM,-80.92443889,35.20276667,./rm/IMG_5169.JPG,2024:06:11 08:36:42
6/11/2024,9:36:08 AM,-80.92426389,35.20256389,./rm/IMG_5170.JPG,2024:06:11 09:36:08
6/11/2024,9:36:09 AM,-80.92426389,35.20256389,./rm/IMG_5171.JPG,2024:06:11 09:36:09
6/11/2024,9:50:34 AM,-80.92426389,35.20256389,./rm/IMG_5172.JPG,2024:06:11 09:50:34
6/11/2024,3:09:12 PM,-80.92426389,35.20256389,./rm/IMG_5177.JPG,2024:06:11 15:09:12
6/12/2024,8:49:16 AM,-80.92426389,35.20256389,./rm/IMG_5191.JPG,2024:06:12 08:49:16
6/12/2024,8:49:17 AM,-80.92426389,35.20256389,./rm/IMG_5192.JPG,2024:06:12 08:49:17
6/12/2024,11:41:23 AM,-80.92762778,35.21393611,./rm/IMG_5193.JPG,2024:06:12 11:41:23
6/12/2024,11:44:25 AM,-80.92756667,35.21375556,./rm/IMG_5194.JPG,2024:06:12 11:44:25
6/12/2024,11:44:52 AM,-80.92757222,35.21376111,./rm/IMG_5196.JPG,2024:06:12 11:44:52
6/12/2024,12:19:52 PM,-80.92426389,35.20256389,./rm/IMG_5197.JPG,2024:06:12 12:19:52
6/12/2024,8:05:41 PM,-80.91385556,35.18123056,./rm/IMG_5205.JPG,2024:06:12 20:05:41
6/12/2024,8:05:43 PM,-80.91385556,35.18123056,./rm/IMG_5206.JPG,2024:06:12 20:05:43
6/13/2024,12:37:18 PM,-80.92436111,35.20248889,./rm/IMG_5212.JPG,2024:06:13 12:37:18
6/13/2024,1:25:26 PM,-80.92436111,35.20248889,./rm/IMG_5213.JPG,2024:06:13 13:25:26
6/13/2024,2:48:57 PM,-80.92436111,35.20248889,./rm/IMG_5214.JPG,2024:06:13 14:48:57
6/13/2024,2:49:01 PM,-80.92436111,35.20248889,./rm/IMG_5215.JPG,2024:06:13 14:49:01
6/13/2024,2:49:30 PM,-80.92436111,35.20248889,./rm/IMG_5216.JPG,2024:06:13 14:49:30
6/13/2024,3:18:54 PM,-80.92436111,35.20248889,./rm/IMG_5217.JPG,2024:06:13 15:18:54
6/14/2024,11:16:37 AM,-80.92437778,35.20253056,./rm/IMG_5222.JPG,2024:06:14 11:16:37
6/14/2024,12:45:49 PM,-80.94143611,35.22217222,./rm/IMG_5223.JPG,2024:06:14 12:45:49
6/14/2024,3:26:21 PM,-80.96343056,35.21949722,./rm/IMG_5225.JPG,2024:06:14 15:26:21
6/14/2024,3:26:24 PM,-80.96343056,35.21949722,./rm/IMG_5226.JPG,2024:06:14 15:26:24
6/15/2024,3:13:30 AM,-82.33749444,29.63427778,./rm/IMG_5230.JPG,2024:06:15 03:13:30
6/15/2024,3:13:33 AM,-82.33750833,29.63428889,./rm/IMG_5231.JPG,2024:06:15 03:13:33
6/15/2024,10:29:23 AM,-82.33750833,29.63421667,./rm/IMG_5232.JPG,2024:06:15 10:29:23
6/16/2024,2:40:05 AM,-82.34133889,29.62596389,./rm/IMG_5238.JPG,2024:06:16 02:40:05
6/16/2024,2:41:52 AM,-82.34133889,29.62596389,./rm/IMG_5239.JPG,2024:06:16 02:41:52
6/17/2024,12:29:57 AM,-82.34133889,29.62596389,./rm/IMG_5250.JPG,2024:06:17 00:29:57
6/17/2024,9:35:42 AM,-82.38948889,29.68626111,./rm/IMG_5253.JPG,2024:06:17 09:35:42
6/17/2024,9:38:19 AM,-82.38941111,29.68645278,./rm/IMG_5254.JPG,2024:06:17 09:38:19
6/17/2024,10:09:18 AM,-82.38913611,29.68618889,./rm/IMG_5256.JPG,2024:06:17 10:09:18
6/17/2024,1:32:47 PM,-82.34133889,29.62596389,./rm/IMG_5259.JPG,2024:06:17 13:32:47
6/17/2024,2:29:32 PM,-82.34133889,29.62596389,./rm/IMG_5261.JPG,2024:06:17 14:29:32
6/17/2024,3:10:42 PM,-82.34133889,29.62596389,./rm/IMG_5263.JPG,2024:06:17 15:10:42
6/18/2024,12:56:41 AM,-82.34133889,29.62596389,./rm/IMG_5279.JPG,2024:06:18 00:56:41
6/18/2024,6:37:00 PM,-82.34133889,29.62596389,./rm/IMG_5282.JPG,2024:06:18 18:37:00
6/18/2024,6:38:17 PM,-82.34133889,29.62596389,./rm/IMG_5283.JPG,2024:06:18 18:38:17
6/20/2024,1:07:39 AM,-82.34135556,29.62596667,./rm/IMG_5308.JPG,2024:06:20 01:07:39
6/22/2024,12:36:22 AM,-82.34129444,29.62603889,./rm/IMG_5328.JPG,2024:06:22 00:36:22
6/22/2024,12:36:23 AM,-82.34129444,29.62603889,./rm/IMG_5329.JPG,2024:06:22 00:36:23
6/22/2024,12:36:41 AM,-82.34129444,29.62601944,./rm/IMG_5330.JPG,2024:06:22 00:36:41
6/22/2024,12:36:50 AM,-82.34130278,29.62605556,./rm/IMG_5331.JPG,2024:06:22 00:36:50
6/22/2024,1:22:36 AM,-82.34135556,29.62596667,./rm/IMG_5333.JPG,2024:06:22 01:22:36
6/23/2024,2:28:18 AM,-82.34135556,29.62596667,./rm/IMG_5343.JPG,2024:06:23 02:28:18
6/23/2024,2:28:20 AM,-82.34135556,29.62596667,./rm/IMG_5344.JPG,2024:06:23 02:28:20
6/23/2024,4:28:24 PM,-82.34135556,29.62596667,./rm/IMG_5348.JPG,2024:06:23 16:28:24
6/23/2024,6:34:38 PM,-82.34135556,29.62596667,./rm/IMG_5349.JPG,2024:06:23 18:34:38
6/24/2024,12:29:15 AM,-82.34135556,29.62596667,./rm/IMG_5354.JPG,2024:06:24 00:29:15
6/24/2024,12:36:06 AM,-82.34135556,29.62596667,./rm/IMG_5356.JPG,2024:06:24 00:36:06
6/24/2024,12:36:12 AM,-82.34135556,29.62596667,./rm/IMG_5357.JPG,2024:06:24 00:36:12
6/24/2024,11:38:40 AM,-82.34135556,29.62596667,./rm/IMG_5361.JPG,2024:06:24 11:38:40
6/24/2024,6:13:06 PM,-82.34135556,29.62596667,./rm/IMG_5372.JPG,2024:06:24 18:13:06
6/24/2024,6:13:09 PM,-82.34135556,29.62596667,./rm/IMG_5373.JPG,2024:06:24 18:13:09
6/24/2024,9:12:52 PM,-82.34135556,29.62596667,./rm/IMG_5378.JPG,2024:06:24 21:12:52
6/24/2024,10:31:06 PM,-82.34135556,29.62596667,./rm/IMG_5379.JPG,2024:06:24 22:31:06
6/25/2024,12:16:23 AM,-82.34135556,29.62596667,./rm/IMG_5380.JPG,2024:06:25 00:16:23
6/25/2024,12:16:24 AM,-82.34135556,29.62596667,./rm/IMG_5381.JPG,2024:06:25 00:16:24
6/27/2024,9:44:34 AM,-82.34134722,29.62596389,./rm/IMG_5402.JPG,2024:06:27 09:44:34
6/27/2024,9:44:44 AM,-82.34134722,29.62596389,./rm/IMG_5403.JPG,2024:06:27 09:44:44
6/27/2024,9:47:11 AM,-82.34134722,29.62596389,./rm/IMG_5404.JPG,2024:06:27 09:47:11
6/27/2024,10:31:37 AM,-82.34134722,29.62596389,./rm/IMG_5405.JPG,2024:06:27 10:31:37
6/27/2024,12:24:40 PM,-82.34134722,29.62596389,./rm/IMG_5407.JPG,2024:06:27 12:24:40
6/27/2024,12:37:48 PM,-82.34134722,29.62596389,./rm/IMG_5408.JPG,2024:06:27 12:37:48
6/28/2024,11:07:02 PM,-82.34134722,29.62596389,./rm/IMG_5426.JPG,2024:06:28 23:07:02
6/28/2024,11:36:27 PM,-82.34134722,29.62596389,./rm/IMG_5429.JPG,2024:06:28 23:36:27
6/29/2024,4:14:12 PM,-82.34140833,29.62596944,./rm/IMG_5431.JPG,2024:06:29 16:14:12
6/29/2024,4:14:16 PM,-82.34140833,29.62596944,./rm/IMG_5432.JPG,2024:06:29 16:14:16
6/30/2024,3:19:17 PM,-82.34140833,29.62597222,./rm/IMG_5448.JPG,2024:06:30 15:19:17
6/30/2024,6:25:59 PM,-82.33956111,29.62473889,./rm/IMG_5451.JPG,2024:06:30 18:25:59
6/30/2024,6:26:01 PM,-82.33956111,29.62477222,./rm/IMG_5452.JPG,2024:06:30 18:26:01
6/30/2024,6:33:32 PM,-82.33954722,29.62994444,./rm/IMG_5453.JPG,2024:06:30 18:33:32
6/30/2024,7:01:51 PM,-82.33530556,29.64268889,./rm/IMG_5454.JPG,2024:06:30 19:01:51
7/3/2024,1:45:41 AM,-82.34132222,29.62598056,./rm/IMG_5469.JPG,2024:07:03 01:45:41
7/3/2024,8:27:16 PM,-82.34132222,29.62598056,./rm/IMG_5471.JPG,2024:07:03 20:27:16
7/4/2024,3:32:04 PM,-82.33953889,29.63517222,./rm/IMG_5476.JPG,2024:07:04 15:32:04
7/4/2024,3:40:49 PM,-82.33949444,29.63893889,./rm/IMG_5477.JPG,2024:07:04 15:40:49
7/4/2024,10:29:05 PM,-82.34133889,29.62597778,./rm/IMG_5480.JPG,2024:07:04 22:29:05
7/6/2024,12:09:21 AM,-82.34133889,29.62597778,./rm/IMG_5485.JPG,2024:07:06 00:09:21
7/6/2024,12:10:32 AM,-82.34133889,29.62597778,./rm/IMG_5486.JPG,2024:07:06 00:10:32
7/6/2024,2:23:43 PM,-82.34133889,29.62597778,./rm/IMG_5488.JPG,2024:07:06 14:23:43
7/6/2024,2:26:33 PM,-82.34133889,29.62597778,./rm/IMG_5489.JPG,2024:07:06 14:26:33
7/6/2024,10:26:36 PM,-82.34130833,29.62595556,./rm/IMG_5491.JPG,2024:07:06 22:26:36
7/6/2024,10:26:39 PM,-82.34130833,29.62595556,./rm/IMG_5492.JPG,2024:07:06 22:26:39
7/6/2024,10:26:55 PM,-82.34143056,29.62599722,./rm/IMG_5493.JPG,2024:07:06 22:26:55
7/7/2024,7:58:23 PM,-82.34134722,29.62598056,./rm/IMG_5499.JPG,2024:07:07 19:58:23
7/8/2024,6:40:59 AM,-82.34109444,29.62586389,./rm/IMG_5511.JPG,2024:07:08 06:40:59
7/8/2024,3:09:54 PM,-82.34134722,29.62598056,./rm/IMG_5513.JPG,2024:07:08 15:09:54
7/8/2024,7:16:30 PM,-82.34134722,29.62598056,./rm/IMG_5514 (2).JPG,2024:07:08 19:16:30
7/9/2024,6:26:17 PM,-82.33931111,29.62290556,./rm/IMG_5518.JPG,2024:07:09 18:26:17
7/9/2024,7:03:34 PM,-82.32625556,29.61904444,./rm/IMG_5520.JPG,2024:07:09 19:03:34
7/9/2024,7:03:40 PM,-82.32621111,29.61906944,./rm/IMG_5521.JPG,2024:07:09 19:03:40
7/9/2024,7:03:40 PM,-82.32621111,29.61906944,./rm/IMG_E5521.JPG,2024:07:09 19:03:40
7/9/2024,7:37:37 PM,-82.33778333,29.61578333,./rm/IMG_5522.JPG,2024:07:09 19:37:37
7/10/2024,1:45:14 PM,-82.34133056,29.62598056,./rm/IMG_5526.JPG,2024:07:10 13:45:14
7/10/2024,6:32:26 PM,-82.34133056,29.62598056,./rm/IMG_5531.JPG,2024:07:10 18:32:26
7/10/2024,7:59:54 PM,-82.34133056,29.62598056,./rm/IMG_5532.JPG,2024:07:10 19:59:54
7/10/2024,7:59:56 PM,-82.34133056,29.62598056,./rm/IMG_5533.JPG,2024:07:10 19:59:56
7/11/2024,9:44:35 AM,-82.34133056,29.62598056,./rm/IMG_5534.JPG,2024:07:11 09:44:35
7/11/2024,4:00:26 PM,-82.33730278,29.62872778,./rm/IMG_5535.JPG,2024:07:11 16:00:26
7/11/2024,4:50:36 PM,-82.33871389,29.62867222,./rm/IMG_5536.JPG,2024:07:11 16:50:36
7/11/2024,11:41:25 PM,-82.34133056,29.62598056,./rm/IMG_5538.JPG,2024:07:11 23:41:25
7/12/2024,12:26:42 AM,-82.34133056,29.62598056,./rm/IMG_5542.JPG,2024:07:12 00:26:42
7/12/2024,4:01:00 PM,-82.34133056,29.62598056,./rm/IMG_5544.JPG,2024:07:12 16:01:00
7/13/2024,12:20:01 AM,-82.34133056,29.62598056,./rm/IMG_5549.JPG,2024:07:13 00:20:01
7/13/2024,8:12:58 PM,-82.34133056,29.62598056,./rm/IMG_5557.JPG,2024:07:13 20:12:58
7/14/2024,4:29:03 PM,-82.42447778,29.66090278,./rm/IMG_5562.JPG,2024:07:14 16:29:03
7/14/2024,4:51:04 PM,-82.42530833,29.66162778,./rm/IMG_5563.JPG,2024:07:14 16:51:04
7/14/2024,4:51:06 PM,-82.42530833,29.66162778,./rm/IMG_5564.JPG,2024:07:14 16:51:06
7/14/2024,4:56:42 PM,-82.42499444,29.66136389,./rm/IMG_5565.JPG,2024:07:14 16:56:42
7/14/2024,5:02:45 PM,-82.42501111,29.66139722,./rm/IMG_5566.JPG,2024:07:14 17:02:45
7/14/2024,5:05:11 PM,-82.42500278,29.66138889,./rm/IMG_5567.JPG,2024:07:14 17:05:11
7/14/2024,5:05:12 PM,-82.42500278,29.66138889,./rm/IMG_5568.JPG,2024:07:14 17:05:12
7/14/2024,5:05:13 PM,-82.42500278,29.66138889,./rm/IMG_5569.JPG,2024:07:14 17:05:13
7/14/2024,5:07:40 PM,-82.42504722,29.66130556,./rm/IMG_5570.JPG,2024:07:14 17:07:40
7/14/2024,5:11:09 PM,-82.42497222,29.66132222,./rm/IMG_5571.JPG,2024:07:14 17:11:09
7/15/2024,5:33:38 PM,-82.337975,29.62818056,./rm/IMG_5581.JPG,2024:07:15 17:33:38
7/17/2024,2:15:48 AM,-82.34133889,29.62598056,./rm/IMG_5593.JPG,2024:07:17 02:15:48
7/17/2024,2:15:49 AM,-82.34133889,29.62598056,./rm/IMG_5594.JPG,2024:07:17 02:15:49
7/17/2024,2:15:54 AM,-82.34133889,29.62598056,./rm/IMG_5595.JPG,2024:07:17 02:15:54
7/19/2024,10:00:21 PM,-82.34117222,29.62603889,./rm/IMG_5631.JPG,2024:07:19 22:00:21
7/19/2024,10:00:32 PM,-82.34114722,29.62601111,./rm/IMG_5632.JPG,2024:07:19 22:00:32
7/19/2024,10:00:36 PM,-82.34114722,29.62601389,./rm/IMG_5633.JPG,2024:07:19 22:00:36
7/19/2024,10:00:39 PM,-82.34114722,29.62601389,./rm/IMG_5634.JPG,2024:07:19 22:00:39
7/19/2024,10:00:59 PM,-82.341125,29.62594722,./rm/IMG_5635.JPG,2024:07:19 22:00:59
7/19/2024,10:01:04 PM,-82.34113333,29.62593889,./rm/IMG_5636.JPG,2024:07:19 22:01:04
7/19/2024,10:01:29 PM,-82.34113889,29.62599444,./rm/IMG_5637.JPG,2024:07:19 22:01:29
7/19/2024,10:16:16 PM,-82.34108611,29.62588333,./rm/IMG_5638.JPG,2024:07:19 22:16:16
7/20/2024,6:05:13 PM,-82.42532222,29.66161389,./rm/IMG_5644.JPG,2024:07:20 18:05:13
7/20/2024,6:53:43 PM,-82.38603889,29.62713611,./rm/IMG_5645.JPG,2024:07:20 18:53:43
7/20/2024,6:53:44 PM,-82.38603889,29.62713611,./rm/IMG_5646.JPG,2024:07:20 18:53:44
7/20/2024,6:53:44 PM,-82.38603889,29.62713611,./rm/IMG_E5646.JPG,2024:07:20 18:53:44
7/20/2024,7:08:19 PM,-82.38356111,29.62409444,./rm/IMG_5647.JPG,2024:07:20 19:08:19
7/22/2024,6:42:39 AM,-82.34132222,29.62597222,./rm/IMG_5657.JPG,2024:07:22 06:42:39
7/22/2024,4:28:50 PM,-82.34132222,29.62597222,./rm/IMG_5660.JPG,2024:07:22 16:28:50
7/22/2024,4:29:25 PM,-82.34095833,29.62601944,./rm/IMG_5661.JPG,2024:07:22 16:29:25
7/22/2024,11:12:21 PM,-82.34132222,29.62597222,./rm/IMG_5662.JPG,2024:07:22 23:12:21
7/22/2024,11:12:31 PM,-82.34132222,29.62597222,./rm/IMG_5663.JPG,2024:07:22 23:12:31
7/24/2024,10:40:07 PM,-82.34131667,29.62597778,./rm/IMG_5683.JPG,2024:07:24 22:40:07
7/27/2024,6:57:25 PM,-82.34130833,29.62598056,./rm/IMG_5716.JPG,2024:07:27 18:57:25
7/28/2024,4:09:12 AM,-82.34130833,29.62598056,./rm/IMG_5723.JPG,2024:07:28 04:09:12
7/28/2024,5:30:04 PM,-82.34130833,29.62598056,./rm/IMG_5724.JPG,2024:07:28 17:30:04
7/29/2024,9:40:35 PM,-82.34129444,29.62599444,./rm/IMG_5751.JPG,2024:07:29 21:40:35
7/31/2024,6:41:47 PM,-82.34126944,29.62599444,./rm/IMG_5761.JPG,2024:07:31 18:41:47
8/1/2024,2:51:18 PM,-82.34126944,29.62599444,./rm/IMG_5765.JPG,2024:08:01 14:51:18
8/1/2024,6:10:02 PM,-82.34126944,29.62599444,./rm/IMG_5768.JPG,2024:08:01 18:10:02
8/1/2024,6:10:24 PM,-82.34126944,29.62599444,./rm/IMG_5769.JPG,2024:08:01 18:10:24
8/2/2024,3:44:26 PM,-82.34111111,29.62604167,./rm/IMG_5771.JPG,2024:08:02 15:44:26
8/5/2024,12:58:47 AM,-82.34126944,29.62599722,./rm/IMG_5798.JPG,2024:08:05 00:58:47
8/5/2024,1:02:35 AM,-82.34126944,29.62599722,./rm/IMG_5799.JPG,2024:08:05 01:02:35
8/5/2024,1:27:04 PM,-82.34126389,29.62599444,./rm/IMG_5803.JPG,2024:08:05 13:27:04
8/6/2024,2:28:50 AM,-82.34126389,29.62599444,./rm/IMG_5818.JPG,2024:08:06 02:28:50
8/6/2024,7:54:49 PM,-82.34134722,29.62604722,./rm/IMG_5828.JPG,2024:08:06 19:54:49
8/6/2024,7:54:59 PM,-82.34134722,29.62604444,./rm/IMG_5829.JPG,2024:08:06 19:54:59
8/6/2024,7:55:11 PM,-82.34134722,29.62605833,./rm/IMG_5830.JPG,2024:08:06 19:55:11
8/6/2024,7:55:19 PM,-82.34133889,29.62606111,./rm/IMG_5831.JPG,2024:08:06 19:55:19
8/6/2024,7:55:30 PM,-82.34133889,29.626025,./rm/IMG_5832.JPG,2024:08:06 19:55:30
8/6/2024,7:55:49 PM,-82.34133889,29.62604167,./rm/IMG_5833.JPG,2024:08:06 19:55:49
8/6/2024,7:56:52 PM,-82.34132222,29.62598889,./rm/IMG_5834.JPG,2024:08:06 19:56:52
8/7/2024,12:22:48 AM,-82.34126389,29.62599444,./rm/IMG_5837.JPG,2024:08:07 00:22:48
8/7/2024,6:20:57 PM,-82.34132222,29.62598611,./rm/IMG_5842.JPG,2024:08:07 18:20:57
8/7/2024,7:07:48 PM,-82.34133889,29.62603333,./rm/IMG_5847.JPG,2024:08:07 19:07:48
8/8/2024,12:05:51 AM,-82.34130833,29.62601389,./rm/IMG_5850.JPG,2024:08:08 00:05:51
8/8/2024,11:27:42 AM,-82.34126389,29.62599444,./rm/IMG_5852.JPG,2024:08:08 11:27:42
8/9/2024,3:32:38 PM,-82.34126389,29.62599444,./rm/IMG_5861.JPG,2024:08:09 15:32:38
8/10/2024,7:28:48 PM,-82.34124722,29.62599444,./rm/IMG_5881.JPG,2024:08:10 19:28:48
8/10/2024,7:28:51 PM,-82.34124722,29.62599444,./rm/IMG_5882.JPG,2024:08:10 19:28:51
8/11/2024,4:38:55 PM,-82.34124722,29.62599444,./rm/IMG_5892.JPG,2024:08:11 16:38:55
8/11/2024,4:39:18 PM,-82.34124722,29.62599444,./rm/IMG_5893.JPG,2024:08:11 16:39:18
8/11/2024,4:44:47 PM,-82.34124722,29.62599444,./rm/IMG_5894.JPG,2024:08:11 16:44:47
8/11/2024,4:46:25 PM,-82.34124722,29.62599444,./rm/IMG_5895.JPG,2024:08:11 16:46:25
8/11/2024,4:46:25 PM,-82.34124722,29.62599444,./rm/IMG_E5895.JPG,2024:08:11 16:46:25
8/11/2024,7:45:20 PM,-82.34124722,29.62599444,./rm/IMG_5903.JPG,2024:08:11 19:45:20
8/11/2024,7:45:21 PM,-82.34124722,29.62599444,./rm/IMG_5904.JPG,2024:08:11 19:45:21
8/11/2024,7:45:28 PM,-82.34124722,29.62599444,./rm/IMG_5905.JPG,2024:08:11 19:45:28
8/12/2024,7:16:59 PM,-82.34123889,29.62599444,./rm/IMG_5912.JPG,2024:08:12 19:16:59
8/14/2024,12:20:27 PM,-82.34123889,29.62599444,./rm/IMG_5923.JPG,2024:08:14 12:20:27
8/14/2024,6:50:12 PM,-82.34123889,29.62599444,./rm/IMG_5930.JPG,2024:08:14 18:50:12
8/14/2024,6:50:13 PM,-82.34123889,29.62599444,./rm/IMG_5931.JPG,2024:08:14 18:50:13
8/14/2024,8:43:57 PM,-82.34123889,29.62599444,./rm/IMG_5932.JPG,2024:08:14 20:43:57
8/14/2024,8:52:23 PM,-82.34123889,29.62599444,./rm/IMG_5933.JPG,2024:08:14 20:52:23
8/15/2024,11:03:29 AM,-82.33921944,29.65688889,./rm/IMG_5936.JPG,2024:08:15 11:03:29
8/15/2024,11:03:51 AM,-82.33911944,29.65733889,./rm/IMG_5937.JPG,2024:08:15 11:03:51
8/15/2024,3:38:35 PM,-82.34123056,29.62599167,./rm/IMG_5939.JPG,2024:08:15 15:38:35
8/17/2024,1:49:10 AM,-82.34123056,29.62599444,./rm/IMG_5949.JPG,2024:08:17 01:49:10
8/18/2024,1:11:05 PM,-82.34123056,29.62599444,./rm/IMG_5951.JPG,2024:08:18 13:11:05
8/18/2024,2:46:28 PM,-82.34123056,29.62599444,./rm/IMG_5953.JPG,2024:08:18 14:46:28
8/18/2024,8:06:26 PM,-82.34123056,29.62599444,./rm/IMG_5958.JPG,2024:08:18 20:06:26
8/18/2024,8:06:48 PM,-82.34123056,29.62599444,./rm/IMG_5959.JPG,2024:08:18 20:06:48
8/18/2024,8:06:53 PM,-82.34123056,29.62599444,./rm/IMG_5960.JPG,2024:08:18 20:06:53
8/18/2024,8:06:54 PM,-82.34123056,29.62599444,./rm/IMG_5961.JPG,2024:08:18 20:06:54
8/18/2024,8:06:54 PM,-82.34123056,29.62599444,./rm/IMG_E5961.JPG,2024:08:18 20:06:54
8/19/2024,10:07:17 AM,-82.34117778,29.62595556,./rm/IMG_5963.JPG,2024:08:19 10:07:17
8/19/2024,10:07:17 AM,-82.34117778,29.62595556,./rm/IMG_5964.JPG,2024:08:19 10:07:17
8/19/2024,10:07:17 AM,-82.34117778,29.62595556,./rm/IMG_E5964.JPG,2024:08:19 10:07:17
8/19/2024,10:07:40 AM,-82.34111111,29.62594444,./rm/IMG_5965.JPG,2024:08:19 10:07:40
8/19/2024,10:07:40 AM,-82.34111111,29.62594444,./rm/IMG_E5965.JPG,2024:08:19 10:07:40
8/19/2024,7:05:31 PM,-82.37962222,29.62279722,./rm/IMG_5972.JPG,2024:08:19 19:05:31
8/21/2024,1:17:31 PM,-82.341225,29.62599444,./rm/IMG_5981.JPG,2024:08:21 13:17:31
8/21/2024,5:00:49 PM,-82.341225,29.62599444,./rm/IMG_5990.JPG,2024:08:21 17:00:49
8/23/2024,5:12:51 PM,-82.34121667,29.62599444,./rm/IMG_6010.JPG,2024:08:23 17:12:51
8/23/2024,7:25:20 PM,-82.34121667,29.62599444,./rm/IMG_6011.JPG,2024:08:23 19:25:20
8/23/2024,7:25:55 PM,-82.34121667,29.62599444,./rm/IMG_6012.JPG,2024:08:23 19:25:55
8/23/2024,7:29:18 PM,-82.34121667,29.62599444,./rm/IMG_6013.JPG,2024:08:23 19:29:18
8/24/2024,1:11:20 AM,-81.46775833,28.45693333,./rm/IMG_6015.JPG,2024:08:24 01:11:20
8/24/2024,11:55:54 AM,-81.37236944,28.54274722,./rm/IMG_6017.JPG,2024:08:24 11:55:54
8/24/2024,11:55:54 AM,-81.37236944,28.54274722,./rm/IMG_E6017.JPG,2024:08:24 11:55:54
8/24/2024,3:48:48 PM,-81.46755278,28.45690278,./rm/IMG_6022.JPG,2024:08:24 15:48:48
8/26/2024,11:17:49 AM,-82.34121111,29.62599722,./rm/IMG_6032.JPG,2024:08:26 11:17:49
8/27/2024,5:05:01 PM,-82.34120278,29.62599722,./rm/IMG_6043.JPG,2024:08:27 17:05:01
8/27/2024,5:05:07 PM,-82.34120278,29.62599722,./rm/IMG_6044.JPG,2024:08:27 17:05:07
8/27/2024,5:05:13 PM,-82.34120278,29.62599722,./rm/IMG_6045.JPG,2024:08:27 17:05:13
8/27/2024,7:27:25 PM,-82.34120278,29.62599722,./rm/IMG_6046.JPG,2024:08:27 19:27:25
8/28/2024,12:05:26 AM,-82.34120278,29.62599722,./rm/IMG_6051.JPG,2024:08:28 00:05:26
8/28/2024,2:48:48 PM,-82.43345556,29.68147222,./rm/IMG_6056.JPG,2024:08:28 14:48:48
8/28/2024,2:48:53 PM,-82.43351111,29.68143611,./rm/IMG_6057.JPG,2024:08:28 14:48:53
8/29/2024,10:46:29 AM,-82.34120278,29.62599722,./rm/IMG_6065.JPG,2024:08:29 10:46:29
8/30/2024,3:20:24 PM,-82.37966111,29.62283056,./rm/IMG_6076.JPG,2024:08:30 15:20:24
8/30/2024,3:20:29 PM,-82.37966944,29.62283889,./rm/IMG_6077.JPG,2024:08:30 15:20:29
8/30/2024,3:20:34 PM,-82.37966944,29.62283889,./rm/IMG_6078.JPG,2024:08:30 15:20:34
8/30/2024,3:21:45 PM,-82.37941667,29.62265278,./rm/IMG_6079.JPG,2024:08:30 15:21:45
8/30/2024,3:22:18 PM,-82.37966111,29.622825,./rm/IMG_6080.JPG,2024:08:30 15:22:18
8/30/2024,3:34:03 PM,-82.37941111,29.62262778,./rm/IMG_6081.JPG,2024:08:30 15:34:03
9/1/2024,4:37:17 PM,-82.34117222,29.62600278,./rm/IMG_6100.JPG,2024:09:01 16:37:17
9/2/2024,2:16:16 PM,-82.27674167,29.68643056,./rm/IMG_6103.JPG,2024:09:02 14:16:16
9/3/2024,9:18:15 AM,-80.9244,35.20251111,./rm/IMG_6107.JPG,2024:09:03 09:18:15
9/3/2024,10:19:05 AM,-80.9244,35.20251111,./rm/IMG_6108.JPG,2024:09:03 10:19:05
9/3/2024,10:19:36 AM,-80.9244,35.20251111,./rm/IMG_6109.JPG,2024:09:03 10:19:36
9/3/2024,12:22:19 PM,-80.9244,35.20251111,./rm/IMG_6110.JPG,2024:09:03 12:22:19
9/3/2024,12:34:20 PM,-80.9244,35.20251111,./rm/IMG_6111.JPG,2024:09:03 12:34:20
9/3/2024,2:29:40 PM,-80.92458333,35.20297778,./rm/IMG_6113.JPG,2024:09:03 14:29:40
9/3/2024,2:38:45 PM,-80.92466667,35.20301944,./rm/IMG_6114.JPG,2024:09:03 14:38:45
9/3/2024,3:13:56 PM,-80.92463056,35.20293611,./rm/IMG_6115.JPG,2024:09:03 15:13:56
9/3/2024,6:16:34 PM,-80.99076111,35.12916944,./rm/IMG_6116.JPG,2024:09:03 18:16:34
9/4/2024,7:28:06 AM,-80.99095278,35.12864722,./rm/IMG_6123.JPG,2024:09:04 07:28:06
9/4/2024,8:09:45 AM,-80.99102778,35.12894167,./rm/IMG_6124.JPG,2024:09:04 08:09:45
9/4/2024,8:11:28 AM,-80.99085278,35.12912778,./rm/IMG_6125.JPG,2024:09:04 08:11:28
9/4/2024,11:53:27 AM,-80.9244,35.20251111,./rm/IMG_6128.JPG,2024:09:04 11:53:27
9/4/2024,12:04:14 PM,-80.9244,35.20251111,./rm/IMG_6129.JPG,2024:09:04 12:04:14
9/4/2024,12:21:51 PM,-80.9244,35.20251111,./rm/IMG_6130.JPG,2024:09:04 12:21:51
9/4/2024,12:21:51 PM,-80.9244,35.20251111,./rm/IMG_6131.JPG,2024:09:04 12:21:51
9/4/2024,12:22:05 PM,-80.9244,35.20251111,./rm/IMG_6132.JPG,2024:09:04 12:22:05
9/4/2024,3:07:17 PM,-80.9244,35.20251111,./rm/IMG_6133.JPG,2024:09:04 15:07:17
9/4/2024,4:38:30 PM,-80.9244,35.20251111,./rm/IMG_6134 (2).JPG,2024:09:04 16:38:30
9/4/2024,4:38:36 PM,-80.9244,35.20251111,./rm/IMG_6135.JPG,2024:09:04 16:38:36
9/4/2024,4:38:39 PM,-80.9244,35.20251111,./rm/IMG_6136.JPG,2024:09:04 16:38:39
9/5/2024,7:59:38 AM,-80.99095278,35.12950556,./rm/IMG_6137.JPG,2024:09:05 07:59:38
9/5/2024,8:07:49 AM,-80.99079167,35.12923333,./rm/IMG_6138.JPG,2024:09:05 08:07:49
9/5/2024,8:39:51 AM,-80.97789722,35.13613889,./rm/IMG_6139.JPG,2024:09:05 08:39:51
9/5/2024,10:30:16 AM,-80.9244,35.20251111,./rm/IMG_6140.JPG,2024:09:05 10:30:16
9/5/2024,4:16:24 PM,-80.9244,35.20251111,./rm/IMG_6143.JPG,2024:09:05 16:16:24
9/5/2024,4:16:24 PM,-80.9244,35.20251111,./rm/IMG_6144.JPG,2024:09:05 16:16:24
9/5/2024,4:16:25 PM,-80.9244,35.20251111,./rm/IMG_6145.JPG,2024:09:05 16:16:25
9/6/2024,8:45:37 AM,-80.92459722,35.20294444,./rm/IMG_6149.JPG,2024:09:06 08:45:37
9/6/2024,10:00:26 AM,-80.9244,35.20251111,./rm/IMG_6150.JPG,2024:09:06 10:00:26
9/6/2024,10:00:33 AM,-80.9244,35.20251111,./rm/IMG_6151.JPG,2024:09:06 10:00:33
9/6/2024,10:00:56 AM,-80.9244,35.20251111,./rm/IMG_6152.JPG,2024:09:06 10:00:56
9/6/2024,10:01:00 AM,-80.9244,35.20251111,./rm/IMG_6153.JPG,2024:09:06 10:01:00
9/6/2024,10:01:06 AM,-80.9244,35.20251111,./rm/IMG_6154.JPG,2024:09:06 10:01:06
9/6/2024,10:01:13 AM,-80.9244,35.20251111,./rm/IMG_6155.JPG,2024:09:06 10:01:13
9/6/2024,10:01:47 AM,-80.9244,35.20251111,./rm/IMG_6156.JPG,2024:09:06 10:01:47
9/6/2024,10:04:02 AM,-80.9244,35.20251111,./rm/IMG_6157.JPG,2024:09:06 10:04:02
9/6/2024,10:04:05 AM,-80.9244,35.20251111,./rm/IMG_6158.JPG,2024:09:06 10:04:05
9/6/2024,10:48:32 AM,-80.9244,35.20251111,./rm/IMG_6159.JPG,2024:09:06 10:48:32
9/6/2024,10:48:35 AM,-80.9244,35.20251111,./rm/IMG_6160.JPG,2024:09:06 10:48:35
9/6/2024,10:48:37 AM,-80.9244,35.20251111,./rm/IMG_6161.JPG,2024:09:06 10:48:37
9/6/2024,11:02:10 AM,-80.92464444,35.20296944,./rm/IMG_6162.JPG,2024:09:06 11:02:10
9/6/2024,2:28:15 PM,-80.92465278,35.20293056,./rm/IMG_6163.JPG,2024:09:06 14:28:15
9/6/2024,2:28:17 PM,-80.92465278,35.20293056,./rm/IMG_6164.JPG,2024:09:06 14:28:17
9/6/2024,4:02:02 PM,-80.92463611,35.20294444,./rm/IMG_6165.JPG,2024:09:06 16:02:02
9/6/2024,6:00:53 PM,-80.99091389,35.12901389,./rm/IMG_6166.JPG,2024:09:06 18:00:53
9/6/2024,11:35:16 PM,-80.99108889,35.129075,./rm/IMG_6169.JPG,2024:09:06 23:35:16
9/7/2024,1:46:00 PM,-80.99079167,35.12902778,./rm/IMG_6172.JPG,2024:09:07 13:46:00
9/7/2024,7:35:46 PM,-80.99095278,35.12909722,./rm/IMG_6177.JPG,2024:09:07 19:35:46
9/8/2024,10:26:31 AM,-80.99075278,35.12905833,./rm/IMG_6188.JPG,2024:09:08 10:26:31